<linker>
  <assembly fullname="Assembly-CSharp, Version=0.0.0.0, Culture=neutral, PublicKeyToken=null">
    <type fullname="AutoExit" preserve="all" />
    <type fullname="BottomMove" preserve="all" />
    <type fullname="changeBgmVolume" preserve="all" />
    <type fullname="CheckClick" preserve="all" />
    <type fullname="Click_EFX" preserve="all" />
    <type fullname="click5TimesAnime" preserve="all" />
    <type fullname="CNClick" preserve="all" />
    <type fullname="GoSenes" preserve="all" />
    <type fullname="InitSaves" preserve="all" />
    <type fullname="langSpecial" preserve="all" />
    <type fullname="Long_Time_Timer" preserve="all" />
    <type fullname="SaveSaves" preserve="all" />
  </assembly>
  <assembly fullname="Unity.Addressables, Version=0.0.0.0, Culture=neutral, PublicKeyToken=null" preserve="all">
    <type fullname="UnityEngine.AddressableAssets.Addressables" preserve="all" />
    <type fullname="UnityEngine.AddressableAssets.AssetReference" preserve="nothing" serialized="true" />
  </assembly>
  <assembly fullname="Unity.RenderPipelines.Universal.2D.Runtime, Version=0.0.0.0, Culture=neutral, PublicKeyToken=null">
    <type fullname="UnityEngine.Rendering.Universal.Light2D" preserve="all" />
  </assembly>
  <assembly fullname="Unity.RenderPipelines.Universal.Runtime, Version=0.0.0.0, Culture=neutral, PublicKeyToken=null">
    <type fullname="UnityEngine.Rendering.Universal.UniversalAdditionalCameraData" preserve="all" />
    <type fullname="UnityEngine.Rendering.Universal.TemporalAA/Settings" preserve="nothing" serialized="true" />
  </assembly>
  <assembly fullname="Unity.ResourceManager, Version=0.0.0.0, Culture=neutral, PublicKeyToken=null" preserve="all">
    <type fullname="UnityEngine.ResourceManagement.ResourceProviders.AssetBundleProvider" preserve="all" />
    <type fullname="UnityEngine.ResourceManagement.ResourceProviders.BundledAssetProvider" preserve="all" />
    <type fullname="UnityEngine.ResourceManagement.ResourceProviders.InstanceProvider" preserve="all" />
    <type fullname="UnityEngine.ResourceManagement.ResourceProviders.LegacyResourcesProvider" preserve="all" />
    <type fullname="UnityEngine.ResourceManagement.ResourceProviders.SceneProvider" preserve="all" />
  </assembly>
  <assembly fullname="UnityEngine.AnimationModule, Version=0.0.0.0, Culture=neutral, PublicKeyToken=null">
    <type fullname="UnityEngine.AnimationClip" preserve="all" />
    <type fullname="UnityEngine.Animator" preserve="all" />
    <type fullname="UnityEngine.RuntimeAnimatorController" preserve="all" />
  </assembly>
  <assembly fullname="UnityEngine.AudioModule, Version=0.0.0.0, Culture=neutral, PublicKeyToken=null">
    <type fullname="UnityEngine.Audio.AudioContainerElement" preserve="all" />
    <type fullname="UnityEngine.Audio.AudioRandomContainer" preserve="all" />
    <type fullname="UnityEngine.AudioClip" preserve="all" />
    <type fullname="UnityEngine.AudioListener" preserve="all" />
    <type fullname="UnityEngine.AudioSource" preserve="all" />
  </assembly>
  <assembly fullname="UnityEngine.CoreModule, Version=0.0.0.0, Culture=neutral, PublicKeyToken=null">
    <type fullname="UnityEngine.Camera" preserve="all" />
    <type fullname="UnityEngine.Cubemap" preserve="all" />
    <type fullname="UnityEngine.GameObject" preserve="all" />
    <type fullname="UnityEngine.LightmapSettings" preserve="all" />
    <type fullname="UnityEngine.Material" preserve="all" />
    <type fullname="UnityEngine.Object" preserve="all" />
    <type fullname="UnityEngine.RenderSettings" preserve="all" />
    <type fullname="UnityEngine.Shader" preserve="all" />
    <type fullname="UnityEngine.Sprite" preserve="all" />
    <type fullname="UnityEngine.SpriteRenderer" preserve="all" />
    <type fullname="UnityEngine.Texture2D" preserve="all" />
    <type fullname="UnityEngine.Transform" preserve="all" />
  </assembly>
  <assembly fullname="UnityEngine.GridModule, Version=0.0.0.0, Culture=neutral, PublicKeyToken=null">
    <type fullname="UnityEngine.Grid" preserve="all" />
  </assembly>
  <assembly fullname="UnityEngine.Physics2DModule, Version=0.0.0.0, Culture=neutral, PublicKeyToken=null">
    <type fullname="UnityEngine.BoxCollider2D" preserve="all" />
    <type fullname="UnityEngine.PolygonCollider2D" preserve="all" />
  </assembly>
  <assembly fullname="UnityEngine.TilemapModule, Version=0.0.0.0, Culture=neutral, PublicKeyToken=null">
    <type fullname="UnityEngine.Tilemaps.Tile" preserve="all" />
    <type fullname="UnityEngine.Tilemaps.Tilemap" preserve="all" />
    <type fullname="UnityEngine.Tilemaps.TilemapRenderer" preserve="all" />
  </assembly>
  <assembly fullname="UnityEngine.UI, Version=1.0.0.0, Culture=neutral, PublicKeyToken=null">
    <type fullname="UnityEngine.EventSystems.EventSystem" preserve="all" />
    <type fullname="UnityEngine.EventSystems.StandaloneInputModule" preserve="all" />
  </assembly>
</linker>